
------------INSERT VALUES INTO TABLES ----------------------------

--- insert Values into table DBO.Przyczepy ---

INSERT INTO [DBO].[Przyczepy] (nr_rejestracyjny, ladownoscWtonach)
VALUES ('ERA5754', 1.000);

INSERT INTO [DBO].[Przyczepy] (nr_rejestracyjny, ladownoscWtonach)
VALUES ('GWE5495', 1.000);
GO

INSERT INTO [DBO].[Przyczepy] (nr_rejestracyjny, ladownoscWtonach)
VALUES ('GST4757', 1.000);
GO

INSERT INTO [DBO].[Przyczepy] (nr_rejestracyjny, ladownoscWtonach)
VALUES ('GKA8967', 1.000);
GO

INSERT INTO [DBO].[Przyczepy] (nr_rejestracyjny, ladownoscWtonach)
VALUES ('NLI7786', 1.000);
GO

INSERT INTO [DBO].[Przyczepy] (nr_rejestracyjny, ladownoscWtonach)
VALUES ('WX64997', 8.000);
GO

INSERT INTO [DBO].[Przyczepy] (nr_rejestracyjny, ladownoscWtonach)
VALUES ('WX92658', 8.000);
GO

INSERT INTO [DBO].[Przyczepy] (nr_rejestracyjny, ladownoscWtonach)
VALUES ('BIN5064', 8.000);
GO

INSERT INTO [DBO].[Przyczepy] (nr_rejestracyjny, ladownoscWtonach)
VALUES ('ERA7773', 8.000);
GO

INSERT INTO [DBO].[Przyczepy] (nr_rejestracyjny, ladownoscWtonach)
VALUES ('GWE3313', 8.000);
GO

--- insert Values into table DBO.Zlecenia ---

INSERT INTO [DBO].[Zlecenia] (nr_zlecenia, liczba_osob, waga_towaruWtonach, Data_rozpoczecia, Data_zakonczenia)
VALUES ('PL0011', 2, 0.850, '2018-12-03', '2019-01-02')
GO

INSERT INTO [DBO].[Zlecenia] (nr_zlecenia, liczba_osob, waga_towaruWtonach, Data_rozpoczecia, Data_zakonczenia)
VALUES ('PL0012', 8, 0, '2018-12-03', '2019-01-01')
GO

INSERT INTO [DBO].[Zlecenia] (nr_zlecenia, liczba_osob, waga_towaruWtonach, Data_rozpoczecia, Data_zakonczenia)
VALUES ('PL0013', 0, 4.000, '2018-12-04', '2019-01-02')
GO

INSERT INTO [DBO].[Zlecenia] (nr_zlecenia, liczba_osob, waga_towaruWtonach, Data_rozpoczecia, Data_zakonczenia)
VALUES ('PL0014', 0, 4.000, '2018-12-03', '2019-01-02')
GO

INSERT INTO [DBO].[Zlecenia] (nr_zlecenia, liczba_osob, waga_towaruWtonach, Data_rozpoczecia, Data_zakonczenia)
VALUES ('PL0015', 40, 0, '2018-12-04', '2019-01-04')
GO

INSERT INTO [DBO].[Zlecenia] (nr_zlecenia, liczba_osob, waga_towaruWtonach, Data_rozpoczecia, Data_zakonczenia)
VALUES ('PL0016', 0, 1.000, '2018-11-25', '2019-01-03')
GO

INSERT INTO [DBO].[Zlecenia] (nr_zlecenia, liczba_osob, waga_towaruWtonach, Data_rozpoczecia, Data_zakonczenia)
VALUES ('PL0017', 0, 10.000, '2018-11-29', '2019-01-02')
GO

INSERT INTO [DBO].[Zlecenia] (nr_zlecenia, liczba_osob, waga_towaruWtonach, Data_rozpoczecia, Data_zakonczenia)
VALUES ('PL0018', 8, 0, '2018-12-06', '2019-01-06')
GO

INSERT INTO [DBO].[Zlecenia] (nr_zlecenia, liczba_osob, waga_towaruWtonach, Data_rozpoczecia, Data_zakonczenia)
VALUES ('PL0019', 0, 0.800, '2018-12-16', '2019-01-03')
GO

INSERT INTO [DBO].[Zlecenia] (nr_zlecenia, liczba_osob, waga_towaruWtonach, Data_rozpoczecia, Data_zakonczenia)
VALUES ('PL0020', 0, 4.200, '2018-12-07', '2019-01-08')
GO

INSERT INTO [DBO].[Zlecenia] (nr_zlecenia, liczba_osob, waga_towaruWtonach, Data_rozpoczecia, Data_zakonczenia)
VALUES ('PL0021', 48, 0, '2018-11-09', '2019-01-06')
GO

INSERT INTO [DBO].[Zlecenia] (nr_zlecenia, liczba_osob, waga_towaruWtonach, Data_rozpoczecia, Data_zakonczenia)
VALUES ('PL0022', 0, 12.000, '2018-12-22', '2019-01-07')
GO

INSERT INTO [DBO].[Zlecenia] (nr_zlecenia, liczba_osob, waga_towaruWtonach, Data_rozpoczecia, Data_zakonczenia)
VALUES ('PL0023', 0, 0.690, '2018-11-12', '2019-01-06')
GO

INSERT INTO [DBO].[Zlecenia] (nr_zlecenia, liczba_osob, waga_towaruWtonach, Data_rozpoczecia, Data_zakonczenia)
VALUES ('PL0024', 1, 1.300, '2018-12-13', '2019-01-07')
GO

INSERT INTO [DBO].[Zlecenia] (nr_zlecenia, liczba_osob, waga_towaruWtonach, Data_rozpoczecia, Data_zakonczenia)
VALUES ('PL0025', 0, 4.100, '2018-12-19', '2019-01-04')
GO

INSERT INTO [DBO].[Zlecenia] (nr_zlecenia, liczba_osob, waga_towaruWtonach, Data_rozpoczecia, Data_zakonczenia)
VALUES ('PL0026', 32, 0, '2019-01-01', '2019-01-19')
GO

INSERT INTO [DBO].[Zlecenia] (nr_zlecenia, liczba_osob, waga_towaruWtonach, Data_rozpoczecia, Data_zakonczenia)
VALUES ('PL0027', 0, 3.000, '2019-01-02', '2019-01-29')
GO

INSERT INTO [DBO].[Zlecenia] (nr_zlecenia, liczba_osob, waga_towaruWtonach, Data_rozpoczecia, Data_zakonczenia)
VALUES ('PL0028', 0, 4.000, '2019-01-03', '2019-02-16')
GO

INSERT INTO [DBO].[Zlecenia] (nr_zlecenia, liczba_osob, waga_towaruWtonach, Data_rozpoczecia, Data_zakonczenia)
VALUES ('PL0029', 8, 0, '2019-01-02', '2019-02-15')
GO

INSERT INTO [DBO].[Zlecenia] (nr_zlecenia, liczba_osob, waga_towaruWtonach, Data_rozpoczecia, Data_zakonczenia)
VALUES ('PL0030', 0, 5.000, '2019-01-04', '2019-02-18')
GO

INSERT INTO [DBO].[Zlecenia] (nr_zlecenia, liczba_osob, waga_towaruWtonach, Data_rozpoczecia, Data_zakonczenia)
VALUES ('PL0031', 0, 5.500, '2019-01-03', '2019-02-17')
GO

INSERT INTO [DBO].[Zlecenia] (nr_zlecenia, liczba_osob, waga_towaruWtonach, Data_rozpoczecia, Data_zakonczenia)
VALUES ('PL0032', 40, 0, '2019-01-05', '2019-01-29')
GO

INSERT INTO [DBO].[Zlecenia] (nr_zlecenia, liczba_osob, waga_towaruWtonach, Data_rozpoczecia, Data_zakonczenia)
VALUES ('PL0033', 8, 0.800, '2019-01-07', '2019-02-17')
GO

INSERT INTO [DBO].[Zlecenia] (nr_zlecenia, liczba_osob, waga_towaruWtonach, Data_rozpoczecia, Data_zakonczenia)
VALUES ('PL0034', 0, 3.500, '2019-01-08', '2019-02-22')
GO

INSERT INTO [DBO].[Zlecenia] (nr_zlecenia, liczba_osob, waga_towaruWtonach, Data_rozpoczecia, Data_zakonczenia)
VALUES ('PL0035', 6, 0, '2019-01-03', '2019-02-18')
GO

INSERT INTO [DBO].[Zlecenia] (nr_zlecenia, liczba_osob, waga_towaruWtonach, Data_rozpoczecia, Data_zakonczenia)
VALUES ('PL0036', 0, 1.350, '2019-01-08', '2019-03-18')
GO

INSERT INTO [DBO].[Zlecenia] (nr_zlecenia, liczba_osob, waga_towaruWtonach, Data_rozpoczecia, Data_zakonczenia)
VALUES ('PL0037', 0, 2.500, '2019-01-09', '2019-02-26')
GO

INSERT INTO [DBO].[Zlecenia] (nr_zlecenia, liczba_osob, waga_towaruWtonach, Data_rozpoczecia, Data_zakonczenia)
VALUES ('PL0038', 0, 5.900, '2019-01-09', '2019-02-20')
GO

INSERT INTO [DBO].[Zlecenia] (nr_zlecenia, liczba_osob, waga_towaruWtonach, Data_rozpoczecia, Data_zakonczenia)
VALUES ('PL0039', 0, 0.750, '2019-01-09', '2019-02-20')
GO

INSERT INTO [DBO].[Zlecenia] (nr_zlecenia, liczba_osob, waga_towaruWtonach, Data_rozpoczecia, Data_zakonczenia)
VALUES ('PL0040', 2, 0.850, '2019-01-10', '2019-02-20')
GO

INSERT INTO [DBO].[Zlecenia] (nr_zlecenia, liczba_osob, waga_towaruWtonach, Data_rozpoczecia, Data_zakonczenia)
VALUES ('PL0041', 37, 0, '2019-01-11', '2019-02-21')
GO

INSERT INTO [DBO].[Zlecenia] (nr_zlecenia, liczba_osob, waga_towaruWtonach, Data_rozpoczecia, Data_zakonczenia)
VALUES ('PL0042', 35, 0, '2019-01-08', '2019-02-28')
GO

INSERT INTO [DBO].[Zlecenia] (nr_zlecenia, liczba_osob, waga_towaruWtonach, Data_rozpoczecia, Data_zakonczenia)
VALUES ('PL0043', 0, 4.200, '2019-01-11', '2019-02-22')
GO

INSERT INTO [DBO].[Zlecenia] (nr_zlecenia, liczba_osob, waga_towaruWtonach, Data_rozpoczecia, Data_zakonczenia)
VALUES ('PL0044', 0, 11.000, '2019-01-14', '2019-02-26')
GO

INSERT INTO [DBO].[Zlecenia] (nr_zlecenia, liczba_osob, waga_towaruWtonach, Data_rozpoczecia, Data_zakonczenia)
VALUES ('PL0045', 45, 0, '2019-01-15', '2019-01-29')
GO

INSERT INTO [DBO].[Zlecenia] (nr_zlecenia, liczba_osob, waga_towaruWtonach, Data_rozpoczecia, Data_zakonczenia)
VALUES ('PL0046', 0, 5.000, '2019-01-18', '2019-02-20')
GO

INSERT INTO [DBO].[Zlecenia] (nr_zlecenia, liczba_osob, waga_towaruWtonach, Data_rozpoczecia, Data_zakonczenia)
VALUES ('PL0047', 39, 0, '2019-01-19', '2019-02-19')
GO

INSERT INTO [DBO].[Zlecenia] (nr_zlecenia, liczba_osob, waga_towaruWtonach, Data_rozpoczecia, Data_zakonczenia)
VALUES ('PL0048', 2, 1.400, '2019-01-20', '2019-03-02')
GO

INSERT INTO [DBO].[Zlecenia] (nr_zlecenia, liczba_osob, waga_towaruWtonach, Data_rozpoczecia, Data_zakonczenia)
VALUES ('PL0049', 0, 1.200, '2019-01-20', '2019-02-28')
GO

INSERT INTO [DBO].[Zlecenia] (nr_zlecenia, liczba_osob, waga_towaruWtonach, Data_rozpoczecia, Data_zakonczenia)
VALUES ('PL0050', 8, 0.000, '2019-01-19', '2019-02-21')
GO

INSERT INTO [DBO].[Zlecenia] (nr_zlecenia, liczba_osob, waga_towaruWtonach, Data_rozpoczecia, Data_zakonczenia)
VALUES ('PL0051', 0, 12.000, '2019-01-22', '2019-03-20')
GO

INSERT INTO [DBO].[Zlecenia] (nr_zlecenia, liczba_osob, waga_towaruWtonach, Data_rozpoczecia, Data_zakonczenia)
VALUES ('PL0052', 0, 5.000, '2019-01-24', '2019-03-20')
GO

INSERT INTO [DBO].[Zlecenia] (nr_zlecenia, liczba_osob, waga_towaruWtonach, Data_rozpoczecia, Data_zakonczenia)
VALUES ('PL0053', 0, 3.600, '2019-01-20', '2019-02-27')
GO

INSERT INTO [DBO].[Zlecenia] (nr_zlecenia, liczba_osob, waga_towaruWtonach, Data_rozpoczecia, Data_zakonczenia)
VALUES ('PL0054', 2, 1.200, '2019-01-25', '2019-03-02')
GO

INSERT INTO [DBO].[Zlecenia] (nr_zlecenia, liczba_osob, waga_towaruWtonach, Data_rozpoczecia, Data_zakonczenia)
VALUES ('PL0055', 45, 0.000, '2019-01-23', '2019-02-20')
GO

INSERT INTO [DBO].[Zlecenia] (nr_zlecenia, liczba_osob, waga_towaruWtonach, Data_rozpoczecia, Data_zakonczenia)
VALUES ('PL0056', 2, 1.100, '2019-01-26', '2019-02-20')
GO

INSERT INTO [DBO].[Zlecenia] (nr_zlecenia, liczba_osob, waga_towaruWtonach, Data_rozpoczecia, Data_zakonczenia)
VALUES ('PL0057', 0, 4.900, '2019-01-26', '2019-03-03')
GO

INSERT INTO [DBO].[Zlecenia] (nr_zlecenia, liczba_osob, waga_towaruWtonach, Data_rozpoczecia, Data_zakonczenia)
VALUES ('PL0058', 39, 0, '2019-01-25', '2019-03-20')
GO

INSERT INTO [DBO].[Zlecenia] (nr_zlecenia, liczba_osob, waga_towaruWtonach, Data_rozpoczecia, Data_zakonczenia)
VALUES ('PL0059', 8, 0.600, '2019-01-25', '2019-02-24')
GO

INSERT INTO [DBO].[Zlecenia] (nr_zlecenia, liczba_osob, waga_towaruWtonach, Data_rozpoczecia, Data_zakonczenia)
VALUES ('PL0060', 1, 1.150, '2019-01-23', '2019-03-07')
GO

INSERT INTO [DBO].[Zlecenia] (nr_zlecenia, liczba_osob, waga_towaruWtonach, Data_rozpoczecia, Data_zakonczenia)
VALUES ('PL0061', 0, 5.900, '2019-01-28', '2019-02-28')
GO

UPDATE [DBO].[Zlecenia]
SET kat_prawo_jazdy = 'B'
WHERE waga_towaruWtonach <= 1.5 AND liczba_osob <= 2
GO

UPDATE [DBO].[Zlecenia]
SET kat_prawo_jazdy = 'B'
WHERE waga_towaruWtonach = 0 AND liczba_osob > 2 AND liczba_osob <= 8
GO

UPDATE [DBO].[Zlecenia]
SET kat_prawo_jazdy = 'BE'
WHERE waga_towaruWtonach <= 1 AND waga_towaruWtonach != 0 AND liczba_osob > 2 AND liczba_osob <= 8
GO

UPDATE [DBO].[Zlecenia]
SET kat_prawo_jazdy = 'BE'
WHERE waga_towaruWtonach > 1.5 AND waga_towaruWtonach <= 2.5
GO

UPDATE [DbO].[Zlecenia]
SET kat_prawo_jazdy = 'C'
WHERE waga_towaruWtonach > 2.5 AND waga_towaruWtonach <= 6 AND liczba_osob <= 2
GO

UPDATE [DBO].[Zlecenia]
SET kat_prawo_jazdy = 'CE'
WHERE waga_towaruWtonach > 6 AND liczba_osob <= 2
GO

UPDATE [DBO].[Zlecenia]
SET kat_prawo_jazdy = 'D'
WHERE waga_towaruWtonach = 0 AND liczba_osob < 49 AND liczba_osob > 8 
GO

UPDATE [DBO].[Zlecenia]
SET kat_prawo_jazdy = 'DE'
WHERE waga_towaruWtonach <= 1 AND waga_towaruWtonach != 0 AND liczba_osob < 49 AND liczba_osob > 8
GO

--- Insert Values into table DBO.ZleceniaArchiwalne

INSERT INTO [DBO].[ZleceniaArchiwalne] (nr_zlecenia, liczba_osob, waga_towaruWtonach, Data_rozpoczecia, Data_zakonczenia)
VALUES ('PL0001', 0, 1.000, '2018-11-02', '2018-12-06')
GO

INSERT INTO [DBO].[ZleceniaArchiwalne] (nr_zlecenia, liczba_osob, waga_towaruWtonach, Data_rozpoczecia, Data_zakonczenia)
VALUES ('PL0002', 0, 11.000, '2018-11-03', '2018-12-07')
GO

INSERT INTO [DBO].[ZleceniaArchiwalne] (nr_zlecenia, liczba_osob, waga_towaruWtonach, Data_rozpoczecia, Data_zakonczenia)
VALUES ('PL0003', 8, 0, '2018-11-05', '2018-12-12')
GO

INSERT INTO [DBO].[ZleceniaArchiwalne] (nr_zlecenia, liczba_osob, waga_towaruWtonach, Data_rozpoczecia, Data_zakonczenia)
VALUES ('PL0004', 2, 1.000, '2018-11-06', '2018-12-14')
GO

INSERT INTO [DBO].[ZleceniaArchiwalne] (nr_zlecenia, liczba_osob, waga_towaruWtonach, Data_rozpoczecia, Data_zakonczenia)
VALUES ('PL0005', 0, 1.400, '2018-11-07', '2018-12-14')
GO

INSERT INTO [DBO].[ZleceniaArchiwalne] (nr_zlecenia, liczba_osob, waga_towaruWtonach, Data_rozpoczecia, Data_zakonczenia)
VALUES ('PL0006', 40, 0, '2018-11-09', '2018-12-16')
GO

INSERT INTO [DBO].[ZleceniaArchiwalne] (nr_zlecenia, liczba_osob, waga_towaruWtonach, Data_rozpoczecia, Data_zakonczenia)
VALUES ('PL0007', 2, 0.550, '2018-11-10', '2018-12-18')
GO

INSERT INTO [DBO].[ZleceniaArchiwalne] (nr_zlecenia, liczba_osob, waga_towaruWtonach, Data_rozpoczecia, Data_zakonczenia)
VALUES ('PL0008', 0, 1.200, '2018-11-12', '2018-12-25')
GO

INSERT INTO [DBO].[ZleceniaArchiwalne] (nr_zlecenia, liczba_osob, waga_towaruWtonach, Data_rozpoczecia, Data_zakonczenia)
VALUES ('PL0009', 35, 0, '2018-11-12', '2018-12-26')
GO

INSERT INTO [DBO].[ZleceniaArchiwalne] (nr_zlecenia, liczba_osob, waga_towaruWtonach, Data_rozpoczecia, Data_zakonczenia)
VALUES ('PL0010', 7, 0.600, '2018-11-14', '2018-12-28')
GO

--- insert Values into table DBO.Samochody

INSERT INTO [DBO].[Samochody] (nr_rejestracyjny, ladownoscWtonach, liczba_miejsc, wiek, kategoria_pojazdu, nr_rej_przyczepy)
VALUES ('ERA9593', 1.500, 2, 2009, 'B', NULL)
GO

INSERT INTO [DBO].[Samochody] (nr_rejestracyjny, ladownoscWtonach, liczba_miejsc, wiek, kategoria_pojazdu, nr_rej_przyczepy)
VALUES ('BIN1541', 1.500, 2, 2008, 'B', NULL)
GO

INSERT INTO [DBO].[Samochody] (nr_rejestracyjny, ladownoscWtonach, liczba_miejsc, wiek, kategoria_pojazdu, nr_rej_przyczepy)
VALUES ('WX28252', 1.500, 2, 2009, 'B', NULL)
GO

INSERT INTO [DBO].[Samochody] (nr_rejestracyjny, ladownoscWtonach, liczba_miejsc, wiek, kategoria_pojazdu, nr_rej_przyczepy)
VALUES ('WX23954', 1.500, 2, 2007, 'B', NULL)
GO

INSERT INTO [DBO].[Samochody] (nr_rejestracyjny, ladownoscWtonach, liczba_miejsc, wiek, kategoria_pojazdu, nr_rej_przyczepy)
VALUES ('NLI6081', 1.500, 2, 2010, 'B', NULL)
GO

INSERT INTO [DBO].[Samochody] (nr_rejestracyjny, ladownoscWtonach, liczba_miejsc, wiek, kategoria_pojazdu, nr_rej_przyczepy)
VALUES ('GKA5159', 0, 8, 2010, 'BE', 'ERA5754')
GO

INSERT INTO [DBO].[Samochody] (nr_rejestracyjny, ladownoscWtonach, liczba_miejsc, wiek, kategoria_pojazdu, nr_rej_przyczepy)
VALUES ('GST5271', 0, 8, 2012, 'B', NULL)
GO

INSERT INTO [DBO].[Samochody] (nr_rejestracyjny, ladownoscWtonach, liczba_miejsc, wiek, kategoria_pojazdu, nr_rej_przyczepy)
VALUES ('GWE1646', 0, 8, 2011, 'BE', 'GKA8967')
GO

INSERT INTO [DBO].[Samochody] (nr_rejestracyjny, ladownoscWtonach, liczba_miejsc, wiek, kategoria_pojazdu, nr_rej_przyczepy)
VALUES ('ERA7035', 0, 8, 2012, 'B', NULL)
GO

INSERT INTO [DBO].[Samochody] (nr_rejestracyjny, ladownoscWtonach, liczba_miejsc, wiek, kategoria_pojazdu, nr_rej_przyczepy)
VALUES ('BIN8204', 0, 8, 2014, 'B', NULL)
GO

INSERT INTO [DBO].[Samochody] (nr_rejestracyjny, ladownoscWtonach, liczba_miejsc, wiek, kategoria_pojazdu, nr_rej_przyczepy)
VALUES ('WX12180', 1.500, 2, 2008, 'B', NULL)
GO

INSERT INTO [DBO].[Samochody] (nr_rejestracyjny, ladownoscWtonach, liczba_miejsc, wiek, kategoria_pojazdu, nr_rej_przyczepy)
VALUES ('WX28182', 1.500, 2, 2014, 'B', NULL)
GO

INSERT INTO [DBO].[Samochody] (nr_rejestracyjny, ladownoscWtonach, liczba_miejsc, wiek, kategoria_pojazdu, nr_rej_przyczepy)
VALUES ('NLI8514', 1.500, 2, 2007, 'B', NULL)
GO

INSERT INTO [DBO].[Samochody] (nr_rejestracyjny, ladownoscWtonach, liczba_miejsc, wiek, kategoria_pojazdu, nr_rej_przyczepy)
VALUES ('GKA1903', 1.500, 2, 2012, 'B', NULL)
GO

INSERT INTO [DBO].[Samochody] (nr_rejestracyjny, ladownoscWtonach, liczba_miejsc, wiek, kategoria_pojazdu, nr_rej_przyczepy)
VALUES ('GST8893', 1.500, 2, 2007, 'B', NULL)
GO

INSERT INTO [DBO].[Samochody] (nr_rejestracyjny, ladownoscWtonach, liczba_miejsc, wiek, kategoria_pojazdu, nr_rej_przyczepy)
VALUES ('BIN5586', 0, 8, 2011, 'B', NULL)
GO

INSERT INTO [DBO].[Samochody] (nr_rejestracyjny, ladownoscWtonach, liczba_miejsc, wiek, kategoria_pojazdu, nr_rej_przyczepy)
VALUES ('WX21833', 0, 8, 2012, 'B', NULL)
GO

INSERT INTO [DBO].[Samochody] (nr_rejestracyjny, ladownoscWtonach, liczba_miejsc, wiek, kategoria_pojazdu, nr_rej_przyczepy)
VALUES ('WX33596', 0, 8, 2010, 'B', NULL)
GO

INSERT INTO [DBO].[Samochody] (nr_rejestracyjny, ladownoscWtonach, liczba_miejsc, wiek, kategoria_pojazdu, nr_rej_przyczepy)
VALUES ('NLI5573', 0, 8, 2011, 'B', NULL)
GO

INSERT INTO [DBO].[Samochody] (nr_rejestracyjny, ladownoscWtonach, liczba_miejsc, wiek, kategoria_pojazdu, nr_rej_przyczepy)
VALUES ('GWE4783', 0, 8, 2015, 'B', NULL)
GO

INSERT INTO [DBO].[Samochody] (nr_rejestracyjny, ladownoscWtonach, liczba_miejsc, wiek, kategoria_pojazdu, nr_rej_przyczepy)
VALUES ('GST4802', 6.000, 2, 2011, 'CE', 'GWE3313')
GO

INSERT INTO [DBO].[Samochody] (nr_rejestracyjny, ladownoscWtonach, liczba_miejsc, wiek, kategoria_pojazdu, nr_rej_przyczepy)
VALUES ('EZO8095', 6.000, 2, 2012, 'C', NULL)
GO

INSERT INTO [DBO].[Samochody] (nr_rejestracyjny, ladownoscWtonach, liczba_miejsc, wiek, kategoria_pojazdu, nr_rej_przyczepy)
VALUES ('KRA3620', 6.000, 2, 2014, 'C', NULL)
GO

INSERT INTO [DBO].[Samochody] (nr_rejestracyjny, ladownoscWtonach, liczba_miejsc, wiek, kategoria_pojazdu, nr_rej_przyczepy)
VALUES ('DWL9023', 6.000, 2, 2012, 'CE', 'BIN5064')
GO

INSERT INTO [DBO].[Samochody] (nr_rejestracyjny, ladownoscWtonach, liczba_miejsc, wiek, kategoria_pojazdu, nr_rej_przyczepy)
VALUES ('PZA3404', 6.000, 2, 2011, 'C', NULL)
GO

INSERT INTO [DBO].[Samochody] (nr_rejestracyjny, ladownoscWtonach, liczba_miejsc, wiek, kategoria_pojazdu, nr_rej_przyczepy)
VALUES ('LPU4680', 6.000, 2, 2009, 'C', NULL)
GO

INSERT INTO [DBO].[Samochody] (nr_rejestracyjny, ladownoscWtonach, liczba_miejsc, wiek, kategoria_pojazdu, nr_rej_przyczepy)
VALUES ('KLI3773', 6.000, 2, 2012, 'C', NULL)
GO

INSERT INTO [DBO].[Samochody] (nr_rejestracyjny, ladownoscWtonach, liczba_miejsc, wiek, kategoria_pojazdu, nr_rej_przyczepy)
VALUES ('EPJ4316', 6.000, 2, 2010, 'C', NULL)
GO

INSERT INTO [DBO].[Samochody] (nr_rejestracyjny, ladownoscWtonach, liczba_miejsc, wiek, kategoria_pojazdu, nr_rej_przyczepy)
VALUES ('GST3363', 6.000, 2, 2012, 'C', NULL)
GO

INSERT INTO [DBO].[Samochody] (nr_rejestracyjny, ladownoscWtonach, liczba_miejsc, wiek, kategoria_pojazdu, nr_rej_przyczepy)
VALUES ('EZO3895', 6.000, 2, 2014, 'C', NULL)
GO

INSERT INTO [DBO].[Samochody] (nr_rejestracyjny, ladownoscWtonach, liczba_miejsc, wiek, kategoria_pojazdu, nr_rej_przyczepy)
VALUES ('KRA5436', 6.000, 2, 2011, 'CE', 'WX64997')
GO

INSERT INTO [DBO].[Samochody] (nr_rejestracyjny, ladownoscWtonach, liczba_miejsc, wiek, kategoria_pojazdu, nr_rej_przyczepy)
VALUES ('DWL1561', 6.000, 2, 2012, 'C', NULL)
GO

INSERT INTO [DBO].[Samochody] (nr_rejestracyjny, ladownoscWtonach, liczba_miejsc, wiek, kategoria_pojazdu, nr_rej_przyczepy)
VALUES ('PZA4529', 6.000, 2, 2008, 'C', NULL)
GO

INSERT INTO [DBO].[Samochody] (nr_rejestracyjny, ladownoscWtonach, liczba_miejsc, wiek, kategoria_pojazdu, nr_rej_przyczepy)
VALUES ('LPU1526', 6.000, 2, 2009, 'C', NULL)
GO

INSERT INTO [DBO].[Samochody] (nr_rejestracyjny, ladownoscWtonach, liczba_miejsc, wiek, kategoria_pojazdu, nr_rej_przyczepy)
VALUES ('KLI9002', 6.000, 2, 2013, 'C', NULL)
GO

INSERT INTO [DBO].[Samochody] (nr_rejestracyjny, ladownoscWtonach, liczba_miejsc, wiek, kategoria_pojazdu, nr_rej_przyczepy)
VALUES ('EPJ4568', 6.000, 2, 2009, 'CE', 'ERA7773')
GO

INSERT INTO [DBO].[Samochody] (nr_rejestracyjny, ladownoscWtonach, liczba_miejsc, wiek, kategoria_pojazdu, nr_rej_przyczepy)
VALUES ('GST5859', 6.000, 2, 2011, 'C', NULL)
GO

INSERT INTO [DBO].[Samochody] (nr_rejestracyjny, ladownoscWtonach, liczba_miejsc, wiek, kategoria_pojazdu, nr_rej_przyczepy)
VALUES ('EZO4343', 6.000, 2, 2010, 'C', NULL)
GO

INSERT INTO [DBO].[Samochody] (nr_rejestracyjny, ladownoscWtonach, liczba_miejsc, wiek, kategoria_pojazdu, nr_rej_przyczepy)
VALUES ('KRA7018', 6.000, 2, 2012, 'C', NULL)
GO

INSERT INTO [DBO].[Samochody] (nr_rejestracyjny, ladownoscWtonach, liczba_miejsc, wiek, kategoria_pojazdu, nr_rej_przyczepy)
VALUES ('DWL6420', 6.000, 2, 2008, 'C', NULL)
GO

INSERT INTO [DBO].[Samochody] (nr_rejestracyjny, ladownoscWtonach, liczba_miejsc, wiek, kategoria_pojazdu, nr_rej_przyczepy)
VALUES ('PZA9146', 0, 49, 2010, 'D', NULL)
GO

INSERT INTO [DBO].[Samochody] (nr_rejestracyjny, ladownoscWtonach, liczba_miejsc, wiek, kategoria_pojazdu, nr_rej_przyczepy)
VALUES ('LPU2652', 0, 49, 2012, 'D', NULL)
GO

INSERT INTO [DBO].[Samochody] (nr_rejestracyjny, ladownoscWtonach, liczba_miejsc, wiek, kategoria_pojazdu, nr_rej_przyczepy)
VALUES ('KLI8315', 0, 49, 2009, 'D', NULL)
GO

INSERT INTO [DBO].[Samochody] (nr_rejestracyjny, ladownoscWtonach, liczba_miejsc, wiek, kategoria_pojazdu, nr_rej_przyczepy)
VALUES ('GST6110', 0, 49, 2011, 'D', NULL)
GO

INSERT INTO [DBO].[Samochody] (nr_rejestracyjny, ladownoscWtonach, liczba_miejsc, wiek, kategoria_pojazdu, nr_rej_przyczepy)
VALUES ('EZO1634', 0, 49, 2012, 'D', NULL)
GO

INSERT INTO [DBO].[Samochody] (nr_rejestracyjny, ladownoscWtonach, liczba_miejsc, wiek, kategoria_pojazdu, nr_rej_przyczepy)
VALUES ('KRA3016', 0, 49, 2010, 'D', NULL)
GO

INSERT INTO [DBO].[Samochody] (nr_rejestracyjny, ladownoscWtonach, liczba_miejsc, wiek, kategoria_pojazdu, nr_rej_przyczepy)
VALUES ('DWL6731', 0, 49, 2009, 'D', NULL)
GO

INSERT INTO [DBO].[Samochody] (nr_rejestracyjny, ladownoscWtonach, liczba_miejsc, wiek, kategoria_pojazdu, nr_rej_przyczepy)
VALUES ('PZA7140', 0, 49, 2012, 'D', NULL)
GO

INSERT INTO [DBO].[Samochody] (nr_rejestracyjny, ladownoscWtonach, liczba_miejsc, wiek, kategoria_pojazdu, nr_rej_przyczepy)
VALUES ('LPU4004', 0, 49, 2011, 'D', NULL)
GO

INSERT INTO [DBO].[Samochody] (nr_rejestracyjny, ladownoscWtonach, liczba_miejsc, wiek, kategoria_pojazdu, nr_rej_przyczepy)
VALUES ('KLI9780', 0, 49, 2010, 'D', NULL)
GO

--- Insert Values into table DBO.Pracownicy

INSERT INTO [DBO].[Pracownicy] (nazwisko, staz_pracy, stanowisko)
VALUES ('Rychter', '2016-06-01', 'Dyrektor')
GO

INSERT INTO [DBO].[Pracownicy] (nazwisko, staz_pracy, stanowisko)
VALUES ('Biesiada', '2016-08-01', 'Wicedyrektor')
GO

INSERT INTO [DBO].[Pracownicy] (nazwisko, staz_pracy, stanowisko)
VALUES ('Furmañczyk', '2016-08-22', 'Kierowca')
GO

INSERT INTO [DBO].[Pracownicy] (nazwisko, staz_pracy, stanowisko)
VALUES ('Budek', '2016-08-22', 'Kierowca')
GO

INSERT INTO [DBO].[Pracownicy] (nazwisko, staz_pracy, stanowisko)
VALUES ('Hryniewicki', '2016-08-22', 'Kierowca')
GO

INSERT INTO [DBO].[Pracownicy] (nazwisko, staz_pracy, stanowisko)
VALUES ('Karp', '2016-08-22', 'Kierowca')
GO

INSERT INTO [DBO].[Pracownicy] (nazwisko, staz_pracy, stanowisko)
VALUES ('Soliñski', '2016-08-22', 'Kierowca')
GO

INSERT INTO [DBO].[Pracownicy] (nazwisko, staz_pracy, stanowisko)
VALUES ('Strzelecki', '2016-08-22', 'Kierownik')
GO

INSERT INTO [DBO].[Pracownicy] (nazwisko, staz_pracy, stanowisko)
VALUES ('Ruszkowski', '2016-09-01', 'Kierowca')
GO

INSERT INTO [DBO].[Pracownicy] (nazwisko, staz_pracy, stanowisko)
VALUES ('Jab³oñski', '2016-09-03', 'Kierowca')
GO

INSERT INTO [DBO].[Pracownicy] (nazwisko, staz_pracy, stanowisko)
VALUES ('Durzyñski', '2016-09-05', 'Kierowca')
GO

INSERT INTO [DBO].[Pracownicy] (nazwisko, staz_pracy, stanowisko)
VALUES ('Domalewski', '2016-09-04', 'Kierowca')
GO

INSERT INTO [DBO].[Pracownicy] (nazwisko, staz_pracy, stanowisko)
VALUES ('Rutka', '2016-09-08', 'Kierowca')
GO

INSERT INTO [DBO].[Pracownicy] (nazwisko, staz_pracy, stanowisko)
VALUES ('Kopacki', '2016-09-10', 'Kierownik')
GO

INSERT INTO [DBO].[Pracownicy] (nazwisko, staz_pracy, stanowisko)
VALUES ('Ch³opek', '2016-10-01', 'Kierowca')
GO

INSERT INTO [DBO].[Pracownicy] (nazwisko, staz_pracy, stanowisko)
VALUES ('Skulski', '2016-10-03', 'Kierowca')
GO

INSERT INTO [DBO].[Pracownicy] (nazwisko, staz_pracy, stanowisko)
VALUES ('Sêkowski', '2016-10-05', 'Kierowca')
GO

INSERT INTO [DBO].[Pracownicy] (nazwisko, staz_pracy, stanowisko)
VALUES ('Tomiak', '2016-10-08', 'Kierowca')
GO

INSERT INTO [DBO].[Pracownicy] (nazwisko, staz_pracy, stanowisko)
VALUES ('Piechota', '2016-10-07', 'Kierowca')
GO

INSERT INTO [DBO].[Pracownicy] (nazwisko, staz_pracy, stanowisko)
VALUES ('Puchalski', '2016-10-12', 'Kierownik')
GO

INSERT INTO [DBO].[Pracownicy] (nazwisko, staz_pracy, stanowisko)
VALUES ('Podsiad³o', '2016-11-01', 'Kierowca')
GO

INSERT INTO [DBO].[Pracownicy] (nazwisko, staz_pracy, stanowisko)
VALUES ('Kulak', '2016-11-01', 'Kierowca')
GO

INSERT INTO [DBO].[Pracownicy] (nazwisko, staz_pracy, stanowisko)
VALUES ('Rudnicki', '2016-11-05', 'Kierowca')
GO

INSERT INTO [DBO].[Pracownicy] (nazwisko, staz_pracy, stanowisko)
VALUES ('Karwacki', '2016-11-04', 'Kierowca')
GO

INSERT INTO [DBO].[Pracownicy] (nazwisko, staz_pracy, stanowisko)
VALUES ('Dereñ', '2016-11-06', 'Kierowca')
GO

INSERT INTO [DBO].[Pracownicy] (nazwisko, staz_pracy, stanowisko)
VALUES ('Linek', '2016-11-07', 'Kierownik')
GO

INSERT INTO [DBO].[Pracownicy] (nazwisko, staz_pracy, stanowisko)
VALUES ('Mach', '2016-12-02', 'Kierowca')
GO

INSERT INTO [DBO].[Pracownicy] (nazwisko, staz_pracy, stanowisko)
VALUES ('Miko³ajek', '2016-12-04', 'Kierowca')
GO

INSERT INTO [DBO].[Pracownicy] (nazwisko, staz_pracy, stanowisko)
VALUES ('Gawroñski', '2016-12-05', 'Kierowca')
GO

INSERT INTO [DBO].[Pracownicy] (nazwisko, staz_pracy, stanowisko)
VALUES ('Moroz', '2016-12-06', 'Kierowca')
GO

INSERT INTO [DBO].[Pracownicy] (nazwisko, staz_pracy, stanowisko)
VALUES ('Gryczka', '2016-12-06', 'Kierowca')
GO

INSERT INTO [DBO].[Pracownicy] (nazwisko, staz_pracy, stanowisko)
VALUES ('Ciborowski', '2016-12-08', 'Kierownik')
GO

INSERT INTO [DBO].[Pracownicy] (nazwisko, staz_pracy, stanowisko)
VALUES ('Brych', '2017-01-04', 'Kierowca')
GO

INSERT INTO [DBO].[Pracownicy] (nazwisko, staz_pracy, stanowisko)
VALUES ('Kubik', '2017-01-05', 'Kierowca')
GO

INSERT INTO [DBO].[Pracownicy] (nazwisko, staz_pracy, stanowisko)
VALUES ('Œwi¹tkowski', '2017-01-06', 'Kierowca')
GO

INSERT INTO [DBO].[Pracownicy] (nazwisko, staz_pracy, stanowisko)
VALUES ('Gorzkowski', '2017-01-06', 'Kierowca')
GO

INSERT INTO [DBO].[Pracownicy] (nazwisko, staz_pracy, stanowisko)
VALUES ('Paw³owicz', '2017-01-07', 'Kierowca')
GO

INSERT INTO [DBO].[Pracownicy] (nazwisko, staz_pracy, stanowisko)
VALUES ('Derêgowski', '2017-01-07', 'Kierownik')
GO

INSERT INTO [DBO].[Pracownicy] (nazwisko, staz_pracy, stanowisko)
VALUES ('Bura', '2017-01-12', 'Sekretarka')
GO

INSERT INTO [DBO].[Pracownicy] (nazwisko, staz_pracy, stanowisko)
VALUES ('Migdalski', '2017-02-03', 'Kierowca')
GO

INSERT INTO [DBO].[Pracownicy] (nazwisko, staz_pracy, stanowisko)
VALUES ('Januszewski', '2017-02-04', 'Kierowca')
GO

INSERT INTO [DBO].[Pracownicy] (nazwisko, staz_pracy, stanowisko)
VALUES ('Pinkowski', '2017-02-04', 'Kierowca')
GO

INSERT INTO [DBO].[Pracownicy] (nazwisko, staz_pracy, stanowisko)
VALUES ('Baczewski', '2017-02-04', 'Kierowca')
GO

INSERT INTO [DBO].[Pracownicy] (nazwisko, staz_pracy, stanowisko)
VALUES ('Jaroñ', '2017-02-04', 'Kierowca')
GO

INSERT INTO [DBO].[Pracownicy] (nazwisko, staz_pracy, stanowisko)
VALUES ('Borowik', '2017-02-05', 'Kierownik')
GO

INSERT INTO [DBO].[Pracownicy] (nazwisko, staz_pracy, stanowisko)
VALUES ('Kulesza', '2017-03-05', 'Kierowca')
GO

INSERT INTO [DBO].[Pracownicy] (nazwisko, staz_pracy, stanowisko)
VALUES ('Zarêbski', '2017-03-06', 'Kierowca')
GO

INSERT INTO [DBO].[Pracownicy] (nazwisko, staz_pracy, stanowisko)
VALUES ('Klimas', '2017-03-07', 'Kierowca')
GO

INSERT INTO [DBO].[Pracownicy] (nazwisko, staz_pracy, stanowisko)
VALUES ('¯ak', '2017-03-08', 'Kierowca')
GO

INSERT INTO [DBO].[Pracownicy] (nazwisko, staz_pracy, stanowisko)
VALUES ('Walczak', '2017-03-11', 'Kierowca')
GO

INSERT INTO [DBO].[Pracownicy] (nazwisko, staz_pracy, stanowisko)
VALUES ('Koc', '2017-03-12', 'Celnik')
GO

INSERT INTO [DBO].[Pracownicy] (nazwisko, staz_pracy, stanowisko)
VALUES ('Taraszkiewicz', '2017-03-15', 'Kierownik')
GO

INSERT INTO [DBO].[Pracownicy] (nazwisko, staz_pracy, stanowisko)
VALUES ('Gniewek', '2017-03-21', 'Sekretarka')
GO

INSERT INTO [DBO].[Pracownicy] (nazwisko, staz_pracy, stanowisko)
VALUES ('Cichoñski', '2017-04-06', 'Kierowca')
GO

INSERT INTO [DBO].[Pracownicy] (nazwisko, staz_pracy, stanowisko)
VALUES ('Kopera', '2017-04-08', 'Kierowca')
GO

INSERT INTO [DBO].[Pracownicy] (nazwisko, staz_pracy, stanowisko)
VALUES ('Krzos', '2017-04-11', 'Kierowca')
GO

INSERT INTO [DBO].[Pracownicy] (nazwisko, staz_pracy, stanowisko)
VALUES ('Kozubek', '2017-03-12', 'Kierowca')
GO

INSERT INTO [DBO].[Pracownicy] (nazwisko, staz_pracy, stanowisko)
VALUES ('Domaga³a', '2017-03-12', 'Kierowca')
GO

INSERT INTO [DBO].[Pracownicy] (nazwisko, staz_pracy, stanowisko)
VALUES ('Bigaj', '2017-03-13', 'Kierownik')
GO

--- insert Values into table DBO.Kierowcy

INSERT INTO [DBO].[Kierowcy] (id, numer_telefonu, kat_prawo_jazdy, nr_rejestracyjny, nr_zlecenia)
VALUES (3, 655931215, 'B', 'BIN1541', 'PL0011')
GO

INSERT INTO [DBO].[Kierowcy] (id, numer_telefonu, kat_prawo_jazdy, nr_rejestracyjny, nr_zlecenia)
VALUES (4, 511824301, 'B', 'BIN5586', 'PL0012')
GO

INSERT INTO [DBO].[Kierowcy] (id, numer_telefonu, kat_prawo_jazdy, nr_rejestracyjny,  nr_zlecenia)
VALUES (5, 640451014, 'C', 'DWL1561', 'PL0013')
GO

INSERT INTO [DBO].[Kierowcy] (id, numer_telefonu, kat_prawo_jazdy, nr_rejestracyjny, nr_zlecenia)
VALUES (6, 298671269, 'C', 'DWL6420', 'PL0014')
GO

INSERT INTO [DBO].[Kierowcy] (id, numer_telefonu, kat_prawo_jazdy, nr_rejestracyjny, nr_zlecenia)
VALUES (7, 775028049, 'D', 'DWL6731', 'PL0015')
GO

INSERT INTO [DBO].[Kierowcy] (id, numer_telefonu, kat_prawo_jazdy, nr_rejestracyjny, nr_zlecenia)
VALUES (9, 294043969, 'B', 'ERA9593', 'PL0016')
GO

INSERT INTO [DBO].[Kierowcy] (id, numer_telefonu, kat_prawo_jazdy, nr_rejestracyjny, nr_zlecenia)
VALUES (10, 225629418, 'CE', 'DWL9023 ', 'PL0017')
GO

INSERT INTO [DBO].[Kierowcy] (id, numer_telefonu, kat_prawo_jazdy, nr_rejestracyjny, nr_zlecenia)
VALUES (11, 473612746, 'B', 'BIN8204', 'PL0018')
GO

INSERT INTO [DBO].[Kierowcy] (id, numer_telefonu, kat_prawo_jazdy, nr_rejestracyjny, nr_zlecenia)
VALUES (12, 486513497, 'B', 'GKA1903', 'PL0019')
GO

INSERT INTO [DBO].[Kierowcy] (id, numer_telefonu, kat_prawo_jazdy, nr_rejestracyjny, nr_zlecenia)
VALUES (13, 385236914, 'C', 'EPJ4316', 'PL0020')
GO

INSERT INTO [DBO].[Kierowcy] (id, numer_telefonu, kat_prawo_jazdy, nr_rejestracyjny, nr_zlecenia)
VALUES (15, 306749658, 'D', 'KLI8315', 'PL0021')
GO

INSERT INTO [DBO].[Kierowcy] (id, numer_telefonu, kat_prawo_jazdy, nr_rejestracyjny, nr_zlecenia)
VALUES (16, 815879489, 'CE', 'EPJ4568', 'PL0022')
GO

INSERT INTO [DBO].[Kierowcy] (id, numer_telefonu, kat_prawo_jazdy, nr_rejestracyjny, nr_zlecenia)
VALUES (17, 548007023, 'B', 'NLI6081', 'PL0023')
GO

INSERT INTO [DBO].[Kierowcy] (id, numer_telefonu, kat_prawo_jazdy, nr_rejestracyjny, nr_zlecenia)
VALUES (18, 318398250, 'B', 'NLI8514', 'PL0024')
GO

INSERT INTO [DBO].[Kierowcy] (id, numer_telefonu, kat_prawo_jazdy, nr_rejestracyjny, nr_zlecenia)
VALUES (19, 731505468, 'C', 'EZO3895', 'PL0025')
GO

INSERT INTO [DBO].[Kierowcy] (id, numer_telefonu, kat_prawo_jazdy, nr_rejestracyjny, nr_zlecenia)
VALUES (21, 624002376, 'D', 'EZO1634', 'PL0026')
GO

INSERT INTO [DBO].[Kierowcy] (id, numer_telefonu, kat_prawo_jazdy, nr_rejestracyjny, nr_zlecenia)
VALUES (22, 109051932, 'C', 'EZO4343', 'PL0027')
GO

INSERT INTO [DBO].[Kierowcy] (id, numer_telefonu, kat_prawo_jazdy, nr_rejestracyjny, nr_zlecenia)
VALUES (23, 819791393, 'C', 'EZO8095', 'PL0028')
GO

INSERT INTO [DBO].[Kierowcy] (id, numer_telefonu, kat_prawo_jazdy, nr_rejestracyjny, nr_zlecenia)
VALUES (24, 731890605, 'B', 'ERA7035', 'PL0029')
GO

INSERT INTO [DBO].[Kierowcy] (id, numer_telefonu, kat_prawo_jazdy, nr_rejestracyjny, nr_zlecenia)
VALUES (25, 792554103, 'C', 'GST3363', 'PL0030')
GO

INSERT INTO [DBO].[Kierowcy] (id, numer_telefonu, kat_prawo_jazdy, nr_rejestracyjny, nr_zlecenia)
VALUES (27, 860022953, 'CE', 'GST4802', NULL)
GO

INSERT INTO [DBO].[Kierowcy] (id, numer_telefonu, kat_prawo_jazdy, nr_rejestracyjny, nr_zlecenia)
VALUES (28, 392290297, 'C', 'GST5859', 'PL0031')
GO

INSERT INTO [DBO].[Kierowcy] (id, numer_telefonu, kat_prawo_jazdy, nr_rejestracyjny, nr_zlecenia)
VALUES (29, 734680643, 'D', 'GST6110', 'PL0032')
GO

INSERT INTO [DBO].[Kierowcy] (id, numer_telefonu, kat_prawo_jazdy, nr_rejestracyjny, nr_zlecenia)
VALUES (30, 182592525, 'BE', 'GKA5159', 'PL0033')
GO

INSERT INTO [DBO].[Kierowcy] (id, numer_telefonu, kat_prawo_jazdy, nr_rejestracyjny, nr_zlecenia)
VALUES (31, 178879790, 'C', 'KLI3773', 'PL0034')
GO

INSERT INTO [DBO].[Kierowcy] (id, numer_telefonu, kat_prawo_jazdy, nr_rejestracyjny, nr_zlecenia)
VALUES (33, 757540380, 'B', 'GST5271', 'PL0035')
GO

INSERT INTO [DBO].[Kierowcy] (id, numer_telefonu, kat_prawo_jazdy, nr_rejestracyjny, nr_zlecenia)
VALUES (34, 500947633, 'B', 'GST8893', 'PL0036')
GO

INSERT INTO [DBO].[Kierowcy] (id, numer_telefonu, kat_prawo_jazdy, nr_rejestracyjny, nr_zlecenia)
VALUES (35, 454666215, 'BE', 'GWE1646', 'PL0037')
GO

INSERT INTO [DBO].[Kierowcy] (id, numer_telefonu, kat_prawo_jazdy, nr_rejestracyjny, nr_zlecenia)
VALUES (36, 331392206, 'C', 'KLI9002', 'PL0038')
GO

INSERT INTO [DBO].[Kierowcy] (id, numer_telefonu, kat_prawo_jazdy, nr_rejestracyjny, nr_zlecenia)
VALUES (37, 648742851, 'B', 'WX12180', 'PL0039')
GO

INSERT INTO [DBO].[Kierowcy] (id, numer_telefonu, kat_prawo_jazdy, nr_rejestracyjny, nr_zlecenia)
VALUES (40, 470745362, 'B', 'WX23954', 'PL0040')
GO

INSERT INTO [DBO].[Kierowcy] (id, numer_telefonu, kat_prawo_jazdy, nr_rejestracyjny, nr_zlecenia)
VALUES (41, 743216508, 'D', 'KLI9780', 'PL0041')
GO

INSERT INTO [DBO].[Kierowcy] (id, numer_telefonu, kat_prawo_jazdy, nr_rejestracyjny, nr_zlecenia)
VALUES (42, 289193866, 'D', 'KRA3016', 'PL0042')
GO

INSERT INTO [DBO].[Kierowcy] (id, numer_telefonu, kat_prawo_jazdy, nr_rejestracyjny, nr_zlecenia)
VALUES (43, 669416633, 'C', 'KRA3620', 'PL0043')
GO

INSERT INTO [DBO].[Kierowcy] (id, numer_telefonu, kat_prawo_jazdy, nr_rejestracyjny, nr_zlecenia)
VALUES (44, 483237836, 'CE', 'KRA5436', 'PL0044')
GO

INSERT INTO [DBO].[Kierowcy] (id, numer_telefonu, kat_prawo_jazdy, nr_rejestracyjny, nr_zlecenia)
VALUES (46, 795046052, 'D', 'LPU2652', 'PL0045')
GO

INSERT INTO [DBO].[Kierowcy] (id, numer_telefonu, kat_prawo_jazdy, nr_rejestracyjny, nr_zlecenia)
VALUES (47, 891857305, 'D', NULL, NULL)
GO

INSERT INTO [DBO].[Kierowcy] (id, numer_telefonu, kat_prawo_jazdy, nr_rejestracyjny, nr_zlecenia)
VALUES (48, 869751335, 'DE', NULL, NULL)
GO

INSERT INTO [DBO].[Kierowcy] (id, numer_telefonu, kat_prawo_jazdy, nr_rejestracyjny, nr_zlecenia)
VALUES (49, 180282966, 'DE', NULL, NULL)
GO

INSERT INTO [DBO].[Kierowcy] (id, numer_telefonu, kat_prawo_jazdy, nr_rejestracyjny, nr_zlecenia)
VALUES (50, 198606964, 'B', NULL, NULL)
GO

INSERT INTO [DBO].[Kierowcy] (id, numer_telefonu, kat_prawo_jazdy, nr_rejestracyjny, nr_zlecenia)
VALUES (54, 628289991, 'B', NULL, NULL)
GO

INSERT INTO [DBO].[Kierowcy] (id, numer_telefonu, kat_prawo_jazdy, nr_rejestracyjny, nr_zlecenia)
VALUES (55, 417005215, 'B', NULL, NULL)
GO

INSERT INTO [DBO].[Kierowcy] (id, numer_telefonu, kat_prawo_jazdy, nr_rejestracyjny, nr_zlecenia)
VALUES (56, 417136294, 'BE', NULL, NULL)
GO

INSERT INTO [DBO].[Kierowcy] (id, numer_telefonu, kat_prawo_jazdy, nr_rejestracyjny, nr_zlecenia)
VALUES (57, 252292368, 'BE', NULL, NULL)
GO

INSERT INTO [DBO].[Kierowcy] (id, numer_telefonu, kat_prawo_jazdy, nr_rejestracyjny, nr_zlecenia)
VALUES (58, 426057149, 'BE', NULL, NULL)
GO

